-- phpMyAdmin SQL Dump
-- version 5.1.1
-- https://www.phpmyadmin.net/
--
-- Host: 127.0.0.1:3306
-- Generation Time: Dec 15, 2022 at 11:09 AM
-- Server version: 5.7.36
-- PHP Version: 7.4.26

SET SQL_MODE = "NO_AUTO_VALUE_ON_ZERO";
START TRANSACTION;
SET time_zone = "+00:00";


/*!40101 SET @OLD_CHARACTER_SET_CLIENT=@@CHARACTER_SET_CLIENT */;
/*!40101 SET @OLD_CHARACTER_SET_RESULTS=@@CHARACTER_SET_RESULTS */;
/*!40101 SET @OLD_COLLATION_CONNECTION=@@COLLATION_CONNECTION */;
/*!40101 SET NAMES utf8mb4 */;

--
-- Database: `voter`
--

-- --------------------------------------------------------

--
-- Table structure for table `cities_pk`
--

DROP TABLE IF EXISTS `cities_pk`;
CREATE TABLE IF NOT EXISTS `cities_pk` (
  `cities_id` int(11) NOT NULL AUTO_INCREMENT,
  `name` varchar(225) NOT NULL,
  PRIMARY KEY (`cities_id`)
) ENGINE=MyISAM AUTO_INCREMENT=510 DEFAULT CHARSET=latin1;

--
-- Dumping data for table `cities_pk`
--

INSERT INTO `cities_pk` (`cities_id`, `name`) VALUES
(1, 'Islamabad'),
(2, 'Karachi'),
(3, 'Lahore'),
(4, 'Abbaspur'),
(5, 'Abbottabad'),
(6, 'Abdul Hakim'),
(7, 'Adda Jahan Khan'),
(8, 'Adda Shaiwala'),
(9, 'Ahmadpur East'),
(10, 'Ahmed pur Sial'),
(11, 'Akhora Khattak'),
(12, 'Ali Chak'),
(13, 'Alipur'),
(14, 'Allahabad'),
(15, 'Amangarh'),
(16, 'Ambela'),
(17, 'Arifwala'),
(18, 'Astore'),
(19, 'Attock'),
(20, 'Babri Banda'),
(21, 'Badin'),
(22, 'Bagh'),
(23, 'Bahawalnagar'),
(24, 'Bahawalpur'),
(25, 'Bajaur'),
(26, 'Balakot'),
(27, 'Bannu'),
(28, 'Barbar Loi'),
(29, 'Barkhan'),
(30, 'Baroute'),
(31, 'Bat Khela'),
(32, 'Battagram'),
(33, 'Besham'),
(34, 'Bewal'),
(35, 'Bhakkar'),
(36, 'Bhalwal'),
(37, 'Bhan Saeedabad'),
(38, 'Bhara Kahu'),
(39, 'Bhera'),
(40, 'Bhimbar'),
(41, 'Bhirya Road'),
(42, 'Bhuawana'),
(43, 'Bisham'),
(44, 'Blitang'),
(45, 'Bolan'),
(46, 'Buchay Key'),
(47, 'Bunner'),
(48, 'Burewala'),
(49, 'Chacklala'),
(50, 'Chaghi'),
(51, 'Chaininda'),
(52, 'Chak 4 b c'),
(53, 'Chak 46'),
(54, 'Chak Jamal'),
(55, 'Chak Jhumra'),
(56, 'Chak Sawara'),
(57, 'Chak Sheza'),
(58, 'Chakwal'),
(59, 'Chaman'),
(60, 'Charsada'),
(61, 'Chashma'),
(62, 'Chawinda'),
(63, 'Cherat'),
(64, 'Chicha watni'),
(65, 'Chilas'),
(66, 'Chiniot'),
(67, 'Chishtian'),
(68, 'Chitral'),
(69, 'Choa Saiden Shah'),
(70, 'Chohar Jamali'),
(71, 'Choppar Hatta'),
(72, 'Chowk Azam'),
(73, 'Chowk Maitla'),
(74, 'Chowk Munda'),
(75, 'Chunian'),
(76, 'Dadakhel'),
(77, 'Dadu'),
(78, 'Daharki'),
(79, 'Dandot'),
(80, 'Dargai'),
(81, 'Darra Pezu'),
(82, 'Darya Khan'),
(83, 'Daska'),
(84, 'Dassu'),
(85, 'Daud Khel'),
(86, 'Daulat Pur'),
(87, 'Daur'),
(88, 'Deh Pathaan'),
(89, 'Depal Pur'),
(90, 'Dera Bugti'),
(91, 'Dera Ghazi Khan'),
(92, 'Dera Ismail Khan'),
(93, 'Dera Murad Jamali'),
(94, 'Dera Nawab Sahib'),
(95, 'Dhatmal'),
(96, 'Dhirkot'),
(97, 'Dhoun Kal'),
(98, 'Diamer'),
(99, 'Digri'),
(100, 'Dijkot'),
(101, 'Dina'),
(102, 'Dinga'),
(103, 'Dir'),
(104, 'Doaaba'),
(105, 'Doltala'),
(106, 'Domeli'),
(107, 'Dudial'),
(108, 'Dunyapur'),
(109, 'Eminabad'),
(110, 'Faisalabad'),
(111, 'Farooqabad'),
(112, 'Fateh Jang'),
(113, 'Fateh Pur'),
(114, 'Feroz Walla'),
(115, 'Feroz Watan'),
(116, 'Fizagat'),
(117, 'Fort Abbas'),
(118, 'FR Bannu'),
(119, 'FR Bannu / Lakki'),
(120, 'FR DI Khan'),
(121, 'FR Kohat'),
(122, 'FR Peshawar'),
(123, 'FR Peshawar / Kohat'),
(124, 'FR Tank / DI Khan'),
(125, 'Gadoon Amazai'),
(126, 'Gaggo Mandi'),
(127, 'Gakhar Mandi'),
(128, 'Gambet'),
(129, 'Garh Maharaja'),
(130, 'Garh More'),
(131, 'Gari Habibullah'),
(132, 'Gari Mori'),
(133, 'Ghari Dupatta'),
(134, 'Gharo'),
(135, 'Ghazi'),
(136, 'Ghizer'),
(137, 'Ghotki'),
(138, 'Ghuzdar'),
(139, 'Gilgit'),
(140, 'Gohar Ghoushti'),
(141, 'Gojra'),
(142, 'Goular Khel'),
(143, 'Guddu'),
(144, 'Gujar Khan'),
(145, 'Gujranwala'),
(146, 'Gujrat'),
(147, 'Gwadar'),
(148, 'Hafizabad'),
(149, 'Hala'),
(150, 'Hangu'),
(151, 'Hari Pur'),
(152, 'Hariwala'),
(153, 'Harnai'),
(154, 'Haroonabad'),
(155, 'Hasilpur'),
(156, 'Hassan Abdal'),
(157, 'Hattar'),
(158, 'Hattian'),
(159, 'Haveli Kahuta'),
(160, 'Haveli Lakha'),
(161, 'Havelian'),
(162, 'Hayatabad'),
(163, 'Hazro'),
(164, 'Head Marala'),
(165, 'Hub Chowki'),
(166, 'Hub Inds Estate'),
(167, 'Hujra Shah Muqeem'),
(168, 'Hunza Nagar'),
(169, 'Hyderabad'),
(170, 'Issa Khel'),
(171, 'Jacobabad'),
(172, 'Jaffarabad'),
(173, 'Jaja Abasian'),
(174, 'Jalal Pur Jatan'),
(175, 'Jalal Pur Priwala'),
(176, 'Jalozai'),
(177, 'Jampur'),
(178, 'Jamrud Road'),
(179, 'Jamshoro'),
(180, 'Jandanwala'),
(181, 'Jaranwala'),
(182, 'Jatoi'),
(183, 'Jauharabad'),
(184, 'Jehangira'),
(185, 'Jehanian'),
(186, 'Jhal Magsi'),
(187, 'Jhand'),
(188, 'Jhang'),
(189, 'Jhatta Bhutta'),
(190, 'Jhelum'),
(191, 'Jhudo'),
(192, 'Kabir Wala'),
(193, 'Kacha Khooh'),
(194, 'Kachhi/Bolan'),
(195, 'Kahror Pacca'),
(196, 'Kahuta'),
(197, 'Kakul'),
(198, 'Kakur Town'),
(199, 'Kala Bagh'),
(200, 'Kala Shah Kaku'),
(201, 'Kalam'),
(202, 'Kalar Syedian'),
(203, 'Kalaswala'),
(204, 'Kallat'),
(205, 'Kallur Kot'),
(206, 'Kamalia'),
(207, 'Kamalia Musa'),
(208, 'Kamber Ali Khan'),
(209, 'Kamokey'),
(210, 'Kamra'),
(211, 'Kandhkot'),
(212, 'Kandiaro'),
(213, 'Karak'),
(214, 'Karore Lalisan'),
(215, 'Kashmir'),
(216, 'Kashmore'),
(217, 'Kasur'),
(218, 'Kazi Ahmed'),
(219, 'Kech'),
(220, 'Khair Pur'),
(221, 'Khair Pur Mir'),
(222, 'Khairpur Nathan Shah'),
(223, 'Khanbela'),
(224, 'Khandabad'),
(225, 'Khanewal'),
(226, 'Khangarh'),
(227, 'Khanpur'),
(228, 'Khanqah Dogran'),
(229, 'Khanqah Sharif'),
(230, 'Kharan'),
(231, 'Kharian'),
(232, 'Khewra'),
(233, 'Khoski'),
(234, 'Khuiratta'),
(235, 'Khurian wala'),
(236, 'Khushab'),
(237, 'Khushal Kot'),
(238, 'Khuzdar'),
(239, 'Khyber Agency'),
(240, 'Killa Abdullah'),
(241, 'Killa Saifullah'),
(242, 'Kohat'),
(243, 'Kohistan'),
(244, 'Kohlu'),
(245, 'Kot Addu'),
(246, 'Kot Bunglow'),
(247, 'Kot Ghulam Mohd'),
(248, 'Kot Mithan'),
(249, 'Kot Radha Kishan'),
(250, 'Kotla'),
(251, 'Kotla Arab Ali Khan'),
(252, 'Kotla Jam'),
(253, 'Kotla Pathan'),
(254, 'Kotli'),
(255, 'Kotli Loharan'),
(256, 'Kotmomin'),
(257, 'Kotri'),
(258, 'Kumbh'),
(259, 'Kundina'),
(260, 'Kunjah'),
(261, 'Kunri'),
(262, 'Kurram'),
(263, 'Kurram Agency'),
(264, 'Lakimarwat'),
(265, 'Lakki Marwat'),
(266, 'Lala rukh'),
(267, 'Lalamusa'),
(268, 'Laliah'),
(269, 'Lalshanra'),
(270, 'Landi Kotal'),
(271, 'Larkana'),
(272, 'Lasbela'),
(273, 'Lawrence pur'),
(274, 'Layyah'),
(275, 'Leepa'),
(276, 'Liaquat Pur'),
(277, 'Lodhran'),
(278, 'Loralai'),
(279, 'Lower Dir'),
(280, 'Ludhan'),
(281, 'Machh'),
(282, 'Machi Goth'),
(283, 'Madinah'),
(284, 'Mailsi'),
(285, 'Makli'),
(286, 'Makran'),
(287, 'Malakand'),
(288, 'Malakwal'),
(289, 'Mamu kunjan'),
(290, 'Mandi Bahauddin'),
(291, 'Mandi Faizabad'),
(292, 'Mandra'),
(293, 'Manga Mandi'),
(294, 'Mangal Sada'),
(295, 'Mangi'),
(296, 'Mangla'),
(297, 'Mangowal'),
(298, 'Manoabad'),
(299, 'Mansehra'),
(300, 'Mardan'),
(301, 'Mari Indus'),
(302, 'Mastoi'),
(303, 'Matiari'),
(304, 'Matli'),
(305, 'Mehar'),
(306, 'Mehmood Kot'),
(307, 'Mehrab Pur'),
(308, 'Mian Chunnu'),
(309, 'Mian Walli'),
(310, 'Minchanabad'),
(311, 'Mingora'),
(312, 'Mir Ali'),
(313, 'Miran Shah'),
(314, 'Mirpur  (AJK)'),
(315, 'Mirpur Khas'),
(316, 'Mirpur Mathelo'),
(317, 'Mithi'),
(318, 'Mohen Jo Daro'),
(319, 'Mohmand'),
(320, 'More kunda'),
(321, 'Morgah'),
(322, 'Moro'),
(323, 'Mubarik Pur'),
(324, 'Multan'),
(325, 'Muridkay'),
(326, 'Murree'),
(327, 'Musafir Khana'),
(328, 'Musakhel'),
(329, 'Mustang'),
(330, 'Muzaffarabad'),
(331, 'Muzaffargarh'),
(332, 'Nankana Sahib'),
(333, 'Narang Mandi'),
(334, 'Narowal'),
(335, 'Naseerabad'),
(336, 'Naudero'),
(337, 'Naukot'),
(338, 'Naukundi'),
(339, 'Nawab Shah'),
(340, 'Neelam'),
(341, 'New Saeedabad'),
(342, 'Nilam'),
(343, 'Nilore'),
(344, 'Noor kot'),
(345, 'Nooriabad'),
(346, 'Noorpur nooranga'),
(347, 'North Wazirstan'),
(348, 'Noshki'),
(349, 'Nowshera'),
(350, 'Nowshera Cantt'),
(351, 'Nowshero Feroz'),
(352, 'Okara'),
(353, 'Orakzai'),
(354, 'Padidan'),
(355, 'Pak Pattan Sharif'),
(356, 'Panjan Kisan'),
(357, 'Panjgur'),
(358, 'Pannu aqil'),
(359, 'Parachinar'),
(360, 'Pasni'),
(361, 'Pasroor'),
(362, 'Patika'),
(363, 'Patoki'),
(364, 'Peshawar'),
(365, 'Phagwar'),
(366, 'Phalia'),
(367, 'Phool nagar'),
(368, 'Phoolnagar (Bhai Pheru)'),
(369, 'Piaro goth'),
(370, 'Pind Dadan Khan'),
(371, 'Pindi Bhattian'),
(372, 'Pindi bhohri'),
(373, 'Pindi gheb'),
(374, 'Piplan'),
(375, 'Pir Mahal'),
(376, 'Pirpai'),
(377, 'Pishin'),
(378, 'Poonch'),
(379, 'Punch'),
(380, 'Qalandarabad'),
(381, 'Qambar'),
(382, 'Qambar Shahdatkot'),
(383, 'Qasba Gujrat'),
(384, 'Qazi Ahmed'),
(385, 'Quaidabad'),
(386, 'Quetta'),
(387, 'Rabwah'),
(388, 'Rahimyar Khan'),
(389, 'Rahwali'),
(390, 'Raiwind'),
(391, 'Rajana'),
(392, 'Rajanpur'),
(393, 'Rangoo'),
(394, 'Ranipur'),
(395, 'Rashidabad'),
(396, 'Ratto Dero'),
(397, 'Rawala Kot'),
(398, 'Rawalpindi'),
(399, 'Rawat'),
(400, 'Renala Khurd'),
(401, 'Risalpur'),
(402, 'Rohri'),
(403, 'Sadiqabad'),
(404, 'Sagri'),
(405, 'Sahiwal'),
(406, 'Saidu Sharif'),
(407, 'Sajawal'),
(408, 'Sakardu'),
(409, 'Sakrand'),
(410, 'Sambrial'),
(411, 'Samma Satta'),
(412, 'Samundri'),
(413, 'Sanghar'),
(414, 'Sanghi'),
(415, 'Sangla Hill'),
(416, 'Sangote'),
(417, 'Sanjwal'),
(418, 'Sara e Naurang'),
(419, 'Sarai Alamgir'),
(420, 'Sargodha'),
(421, 'Satyana Bangla'),
(422, 'Sehar Baqlas'),
(423, 'Sehwan'),
(424, 'Shadiwal'),
(425, 'Shahdad Kot'),
(426, 'Shahdad Pur'),
(427, 'Shaheed Benazirabad'),
(428, 'Shahkot'),
(429, 'Shahpur Chakar'),
(430, 'Shakargarh'),
(431, 'Shamsabad'),
(432, 'Shangla'),
(433, 'Shankiari'),
(434, 'Shedani sharif'),
(435, 'Sheikhupura'),
(436, 'Shemier'),
(437, 'Sherani'),
(438, 'Shikarpur'),
(439, 'Shogram'),
(440, 'Shorkot'),
(441, 'Shujabad'),
(442, 'Sialkot'),
(443, 'Sibi'),
(444, 'Sidhnoti'),
(445, 'Sihala'),
(446, 'Sikandarabad'),
(447, 'Silanwala'),
(448, 'Sita Road'),
(449, 'Skardu'),
(450, 'Sohawa District Daska'),
(451, 'Sohawa District Jelum'),
(452, 'Sohbatpur'),
(453, 'South Wazirstan'),
(454, 'Sudhnoti'),
(455, 'Sukkur'),
(456, 'Swabi'),
(457, 'Swat'),
(458, 'Swatmingora'),
(459, 'Takhtbai'),
(460, 'Talagang'),
(461, 'Talamba'),
(462, 'Talhur'),
(463, 'Tall'),
(464, 'Tando Adam'),
(465, 'Tando Allahyar'),
(466, 'Tando Jam'),
(467, 'Tando Mohd Khan'),
(468, 'Tank'),
(469, 'Tarbela'),
(470, 'Tarmatan'),
(471, 'Tarnol'),
(472, 'Taunsa sharif'),
(473, 'Taxila'),
(474, 'Thana Bula Khan'),
(475, 'Thari Mirwah'),
(476, 'Tharo Shah'),
(477, 'Tharparkar'),
(478, 'Thatta'),
(479, 'Theing Jattan More'),
(480, 'Thul'),
(481, 'Tibba Sultanpur'),
(482, 'Timergara'),
(483, 'Tobatek Singh'),
(484, 'Topi'),
(485, 'Toru'),
(486, 'Trinda Mohd Pannah'),
(487, 'Turbat'),
(488, 'Ubaro'),
(489, 'Ugoki'),
(490, 'Ukba'),
(491, 'Umer Kot'),
(492, 'Upper Deval'),
(493, 'Upper Dir'),
(494, 'Usta Mohammad'),
(495, 'Utror'),
(496, 'Vehari'),
(497, 'Village Sunder'),
(498, 'Wah Cantt'),
(499, 'Wahi hassain'),
(500, 'Wan Radha Ram'),
(501, 'Wana'),
(502, 'Warah'),
(503, 'Warburton'),
(504, 'Washuk'),
(505, 'Wazirabad'),
(506, 'Yazman Mandi'),
(507, 'Zahir Pir'),
(508, 'Zhob'),
(509, 'Ziarat');

-- --------------------------------------------------------

--
-- Table structure for table `districts`
--

DROP TABLE IF EXISTS `districts`;
CREATE TABLE IF NOT EXISTS `districts` (
  `district_id` int(11) NOT NULL AUTO_INCREMENT,
  `district_names` varchar(255) NOT NULL,
  PRIMARY KEY (`district_id`)
) ENGINE=MyISAM AUTO_INCREMENT=159 DEFAULT CHARSET=latin1;

--
-- Dumping data for table `districts`
--

INSERT INTO `districts` (`district_id`, `district_names`) VALUES
(1, 'Abbottabad'),
(2, 'Astore'),
(3, 'Attock'),
(4, 'Awaran'),
(5, 'Badin'),
(6, 'Bagh'),
(7, 'Bahawalnagar'),
(8, 'Bahawalpur'),
(9, 'Bajaur'),
(10, 'Bannu'),
(11, 'Barkhan'),
(12, 'Batagram'),
(13, 'Bhakkar'),
(14, 'Bhimber'),
(15, 'Buner'),
(16, 'Chagai'),
(17, 'Chakwal'),
(18, 'Charsadda'),
(19, 'Chiniot'),
(20, 'Dadu'),
(21, 'Darel'),
(22, 'Dera Bugti'),
(23, 'Dera Ghazi Khan'),
(24, 'Dera Ismail Khan'),
(25, 'Diamer'),
(26, 'Duki'),
(27, 'Faisalabad'),
(28, 'Ghanche'),
(29, 'Ghizer'),
(30, 'Ghotki'),
(31, 'Gilgit'),
(32, 'Gujranwala'),
(33, 'Gujrat'),
(34, 'Gupis Yasin'),
(35, 'Gwadar'),
(36, 'Hafizabad'),
(37, 'Hangu'),
(38, 'Haripur'),
(39, 'Harnai'),
(40, 'Hattian'),
(41, 'Haveli'),
(42, 'Hunza'),
(43, 'Hyderabad'),
(44, 'Islamabad'),
(45, 'Jacobabad'),
(46, 'Jafarabad'),
(47, 'Jamshoro'),
(48, 'Jhal Magsi'),
(49, 'Jhang'),
(50, 'Jhelum'),
(51, ' Kachhi'),
(52, 'Kalat'),
(53, ' Karachi Central'),
(54, 'Karachi East'),
(55, 'Karachi South'),
(56, 'Karachi West'),
(57, ' Karak'),
(58, 'Kashmore'),
(59, 'Kasur'),
(60, 'Kech'),
(61, ' Khairpur'),
(62, 'Khanewal'),
(63, ' Kharan'),
(64, 'Kharmang'),
(65, ' Khushab'),
(66, 'Khuzdar'),
(67, 'Khyber'),
(68, 'Killa Abdullah'),
(69, 'Kohat'),
(70, 'Kohlu'),
(71, 'Kolai Pallas'),
(72, 'Korangi'),
(73, 'Kotli'),
(74, 'Kurram'),
(75, 'Lahore'),
(76, 'Lakki Marwat'),
(77, 'Larkana'),
(78, 'Lasbela'),
(79, 'Layyah'),
(80, 'Lodhran'),
(81, 'Loralai'),
(82, 'Lower Chitral'),
(83, 'Lower Dir'),
(84, 'Lower Kohistan'),
(85, 'Malakand'),
(86, 'Malir'),
(87, 'Mandi Bahauddin'),
(88, 'Mansehra'),
(89, 'Mardan'),
(90, 'Mastung'),
(91, 'Matiari'),
(92, 'Mianwali'),
(93, 'Mirpur Khas'),
(94, 'Mirpur'),
(95, 'Mohmand'),
(96, 'Multan'),
(97, 'Musakhel'),
(98, 'Muzaffarabad'),
(99, 'Muzaffargarh'),
(100, 'Nagar'),
(101, 'Nankana Sahib'),
(102, 'Narowal'),
(103, 'Naseerabad'),
(104, 'Naushahro Firoze'),
(105, 'Neelum'),
(106, 'North Waziristan'),
(107, 'Nowshera'),
(108, 'Nushki'),
(109, 'Okara'),
(110, 'Orakzai'),
(111, 'Pakpattan'),
(112, 'Panjgur'),
(113, 'Peshawar'),
(114, 'Pishin'),
(115, 'Poonch'),
(116, 'Qambar Shahdadkot'),
(117, 'Qilla Saifullah'),
(118, 'Quetta'),
(119, 'Rahim Yar Khan'),
(120, 'Rajanpur'),
(121, 'Rawalpindi'),
(122, 'Roundu'),
(123, 'Sahiwal'),
(124, 'Sanghar'),
(125, 'Sargodha'),
(126, 'Shaheed Benazirabad'),
(127, 'Shaheed Sikandarabad'),
(128, 'Shangla'),
(129, 'Sheikhupura'),
(130, 'Sherani'),
(131, 'Shigar'),
(132, 'Shikarpur'),
(133, 'Sialkot'),
(134, 'Sibi'),
(135, 'Skardu'),
(136, 'Sohbatpur'),
(137, 'South Waziristan'),
(138, 'Sudhnutti'),
(139, 'Sujawal'),
(140, 'Sukkur'),
(141, 'Swabi'),
(142, 'Swat'),
(143, 'Tando Allahyar'),
(144, 'Tando Muhammad Khan'),
(145, 'Tangir'),
(146, 'Tank'),
(147, 'Tharparkar'),
(148, 'Thatta'),
(149, 'Toba Tek Singh'),
(150, 'Tor Ghar'),
(151, 'Umerkot'),
(152, 'Upper Chitral'),
(153, 'Upper Dir'),
(154, 'Upper Kohistan'),
(155, 'Vehari'),
(156, 'Washuk'),
(157, 'Zhob'),
(158, 'Ziarat');

-- --------------------------------------------------------

--
-- Table structure for table `gender`
--

DROP TABLE IF EXISTS `gender`;
CREATE TABLE IF NOT EXISTS `gender` (
  `gender_id` int(11) NOT NULL AUTO_INCREMENT,
  `gender_names` text NOT NULL,
  PRIMARY KEY (`gender_id`)
) ENGINE=MyISAM AUTO_INCREMENT=4 DEFAULT CHARSET=latin1;

--
-- Dumping data for table `gender`
--

INSERT INTO `gender` (`gender_id`, `gender_names`) VALUES
(1, 'Male'),
(2, 'Female'),
(3, 'Other');

-- --------------------------------------------------------

--
-- Table structure for table `provinces`
--

DROP TABLE IF EXISTS `provinces`;
CREATE TABLE IF NOT EXISTS `provinces` (
  `province_id` int(11) NOT NULL AUTO_INCREMENT,
  `province_name` text NOT NULL,
  PRIMARY KEY (`province_id`)
) ENGINE=MyISAM AUTO_INCREMENT=6 DEFAULT CHARSET=latin1;

--
-- Dumping data for table `provinces`
--

INSERT INTO `provinces` (`province_id`, `province_name`) VALUES
(1, 'Punjab'),
(2, 'Sindh'),
(3, 'Balochistan'),
(4, 'Khyber Pakhtunkhwa'),
(5, 'Gilgit Baltistan');

-- --------------------------------------------------------

--
-- Table structure for table `unioncouncils`
--

DROP TABLE IF EXISTS `unioncouncils`;
CREATE TABLE IF NOT EXISTS `unioncouncils` (
  `uc_id` int(11) NOT NULL AUTO_INCREMENT,
  `uc_values` int(11) NOT NULL,
  PRIMARY KEY (`uc_id`)
) ENGINE=MyISAM AUTO_INCREMENT=301 DEFAULT CHARSET=latin1;

--
-- Dumping data for table `unioncouncils`
--

INSERT INTO `unioncouncils` (`uc_id`, `uc_values`) VALUES
(1, 1),
(2, 2),
(3, 3),
(4, 4),
(5, 5),
(6, 6),
(7, 7),
(8, 8),
(9, 9),
(10, 10),
(11, 11),
(12, 12),
(13, 13),
(14, 14),
(15, 15),
(16, 16),
(17, 17),
(18, 18),
(19, 19),
(20, 20),
(21, 21),
(22, 22),
(23, 23),
(24, 24),
(25, 25),
(26, 26),
(27, 27),
(28, 28),
(29, 29),
(30, 30),
(31, 31),
(32, 32),
(33, 33),
(34, 34),
(35, 35),
(36, 36),
(37, 37),
(38, 38),
(39, 39),
(40, 40),
(41, 41),
(42, 42),
(43, 43),
(44, 44),
(45, 45),
(46, 46),
(47, 47),
(48, 48),
(49, 49),
(50, 50),
(51, 51),
(52, 52),
(53, 53),
(54, 54),
(55, 55),
(56, 56),
(57, 57),
(58, 58),
(59, 59),
(60, 60),
(61, 61),
(62, 62),
(63, 63),
(64, 64),
(65, 65),
(66, 66),
(67, 67),
(68, 68),
(69, 69),
(70, 70),
(71, 71),
(72, 72),
(73, 73),
(74, 74),
(75, 75),
(76, 76),
(77, 77),
(78, 78),
(79, 79),
(80, 80),
(81, 81),
(82, 82),
(83, 83),
(84, 84),
(85, 85),
(86, 86),
(87, 87),
(88, 88),
(89, 89),
(90, 90),
(91, 91),
(92, 92),
(93, 93),
(94, 94),
(95, 95),
(96, 96),
(97, 97),
(98, 98),
(99, 99),
(100, 100),
(101, 101),
(102, 102),
(103, 103),
(104, 104),
(105, 105),
(106, 106),
(107, 107),
(108, 108),
(109, 109),
(110, 110),
(111, 111),
(112, 112),
(113, 113),
(114, 114),
(115, 115),
(116, 116),
(117, 117),
(118, 118),
(119, 119),
(120, 120),
(121, 121),
(122, 122),
(123, 123),
(124, 124),
(125, 125),
(126, 126),
(127, 127),
(128, 128),
(129, 129),
(130, 130),
(131, 131),
(132, 132),
(133, 133),
(134, 134),
(135, 135),
(136, 136),
(137, 137),
(138, 138),
(139, 139),
(140, 140),
(141, 141),
(142, 142),
(143, 143),
(144, 144),
(145, 145),
(146, 146),
(147, 147),
(148, 148),
(149, 149),
(150, 150),
(151, 151),
(152, 152),
(153, 153),
(154, 154),
(155, 155),
(156, 156),
(157, 157),
(158, 158),
(159, 159),
(160, 160),
(161, 161),
(162, 162),
(163, 163),
(164, 164),
(165, 165),
(166, 166),
(167, 167),
(168, 168),
(169, 169),
(170, 170),
(171, 171),
(172, 172),
(173, 173),
(174, 174),
(175, 175),
(176, 176),
(177, 177),
(178, 178),
(179, 179),
(180, 180),
(181, 181),
(182, 182),
(183, 183),
(184, 184),
(185, 185),
(186, 186),
(187, 187),
(188, 188),
(189, 189),
(190, 190),
(191, 191),
(192, 192),
(193, 193),
(194, 194),
(195, 195),
(196, 196),
(197, 197),
(198, 198),
(199, 199),
(200, 200),
(201, 201),
(202, 202),
(203, 203),
(204, 204),
(205, 205),
(206, 206),
(207, 207),
(208, 208),
(209, 209),
(210, 210),
(211, 211),
(212, 212),
(213, 213),
(214, 214),
(215, 215),
(216, 216),
(217, 217),
(218, 218),
(219, 219),
(220, 220),
(221, 221),
(222, 222),
(223, 223),
(224, 224),
(225, 225),
(226, 226),
(227, 227),
(228, 228),
(229, 229),
(230, 230),
(231, 231),
(232, 232),
(233, 233),
(234, 234),
(235, 235),
(236, 236),
(237, 237),
(238, 238),
(239, 239),
(240, 240),
(241, 241),
(242, 242),
(243, 243),
(244, 244),
(245, 245),
(246, 246),
(247, 247),
(248, 248),
(249, 249),
(250, 250),
(251, 251),
(252, 252),
(253, 253),
(254, 254),
(255, 255),
(256, 256),
(257, 257),
(258, 258),
(259, 259),
(260, 260),
(261, 261),
(262, 262),
(263, 263),
(264, 264),
(265, 265),
(266, 266),
(267, 267),
(268, 268),
(269, 269),
(270, 270),
(271, 271),
(272, 272),
(273, 273),
(274, 274),
(275, 275),
(276, 276),
(277, 277),
(278, 278),
(279, 279),
(280, 280),
(281, 281),
(282, 282),
(283, 283),
(284, 284),
(285, 285),
(286, 286),
(287, 287),
(288, 288),
(289, 289),
(290, 290),
(291, 291),
(292, 292),
(293, 293),
(294, 294),
(295, 295),
(296, 296),
(297, 297),
(298, 298),
(299, 299),
(300, 300);

-- --------------------------------------------------------

--
-- Table structure for table `userinfo`
--

DROP TABLE IF EXISTS `userinfo`;
CREATE TABLE IF NOT EXISTS `userinfo` (
  `id` int(11) NOT NULL AUTO_INCREMENT,
  `uname` varchar(100) NOT NULL,
  `fname` varchar(100) NOT NULL,
  `cnic` bigint(13) NOT NULL,
  `address` varchar(255) NOT NULL,
  `phone_no` bigint(11) NOT NULL,
  `email` varchar(255) NOT NULL,
  `dob` varchar(255) NOT NULL,
  `cities_id` int(11) NOT NULL,
  `district_id` int(11) NOT NULL,
  `gender_id` int(11) NOT NULL,
  `province_id` int(11) NOT NULL,
  `uc_id` int(11) NOT NULL,
  `wards_id` int(11) NOT NULL,
  PRIMARY KEY (`id`)
) ENGINE=MyISAM AUTO_INCREMENT=10 DEFAULT CHARSET=latin1;

--
-- Dumping data for table `userinfo`
--

INSERT INTO `userinfo` (`id`, `uname`, `fname`, `cnic`, `address`, `phone_no`, `email`, `dob`, `cities_id`, `district_id`, `gender_id`, `province_id`, `uc_id`, `wards_id`) VALUES
(1, 'Moeid Ahmed', 'Naeem Ahmed Sheikh', 3520117980273, 'House no 16, Street no 29 mainbazar dharampura lahore', 3244798500, 'moeid071298@gmail.com', '12/07/1998', 3, 75, 1, 1, 186, 2),
(2, 'Ahmad Raza', 'Muhammad anwar', 3230435528277, 'canal Road Toba Tek Singh', 3188182988, 'ahmadraza54gb@gmail.com', '09/20/1998', 483, 149, 1, 1, 8, 3),
(3, 'M JUNAID', 'Muhammad Ibrahim', 3230373048595, 'Tonsa Kot Addu', 3481993318, 'mjunaid3318@gmail.com', '04/05/2001', 2, 3, 1, 1, 13, 5),
(4, 'Muhammad Yasir Aziz', 'Muhammad Mustansar Aziz', 3630246760456, 'Cantt Residencia Multan', 3346998290, 'yasiraziz124@gmail.com', '03/06/2000', 324, 96, 1, 1, 14, 3),
(5, 'Arslan', 'Attaullah', 3460404377441, 'House no 16, Street no 29 mainbazar dharampura lahore', 3416771241, 'moeid071298@gmail.com', '03/17/1997', 5, 8, 2, 2, 19, 4),
(6, 'Arslan', 'Attaullah', 3460404377441, 'House no 16, Street no 29 mainbazar dharampura lahore', 3416771241, 'moeid071298@gmail.com', '03/17/1997', 1, 8, 2, 2, 19, 4),
(7, 'Arslan', 'Attaullah', 3460404377441, 'House no 16, Street no 29 mainbazar dharampura lahore', 3416771241, 'moeid071298@gmail.com', '03/17/1997', 4, 10, 2, 2, 18, 2),
(8, 'Moeid Ahmed', 'Moeid ', 3520117980273, 'House no 16, Street no 29 mainbazar dharampura lahore', 3244798500, 'moeid071298@gmail.com', '11/27/2022', 2, 1, 2, 2, 16, 2),
(9, 'Ahmad Raza', 'John', 3520117980273, 'House no 16, Street no 29 mainbazar dharampura lahore', 3244798500, 'moeid071298@gmail.com', '12/26/2022', 4, 5, 1, 2, 14, 6);

-- --------------------------------------------------------

--
-- Table structure for table `wards`
--

DROP TABLE IF EXISTS `wards`;
CREATE TABLE IF NOT EXISTS `wards` (
  `wards_id` int(11) NOT NULL AUTO_INCREMENT,
  `ward_values` int(11) NOT NULL,
  PRIMARY KEY (`wards_id`)
) ENGINE=MyISAM AUTO_INCREMENT=7 DEFAULT CHARSET=latin1;

--
-- Dumping data for table `wards`
--

INSERT INTO `wards` (`wards_id`, `ward_values`) VALUES
(1, 1),
(2, 2),
(3, 3),
(4, 4),
(5, 5),
(6, 6);
COMMIT;

/*!40101 SET CHARACTER_SET_CLIENT=@OLD_CHARACTER_SET_CLIENT */;
/*!40101 SET CHARACTER_SET_RESULTS=@OLD_CHARACTER_SET_RESULTS */;
/*!40101 SET COLLATION_CONNECTION=@OLD_COLLATION_CONNECTION */;
